Label (Grouping),Precinct Code,Total:,Total:!!Population of one race:,Total:!!Population of one race:!!White alone,Total:!!Population of one race:!!Black or African American alone,Total:!!Population of one race:!!American Indian and Alaska Native alone,Total:!!Population of one race:!!Asian alone,Total:!!Population of one race:!!Native Hawaiian and Other Pacific Islander alone,Total:!!Population of one race:!!Some Other Race alone,Total:!!Population of two or more races:,Total:!!Population of two or more races:!!Population of two races:,Total:!!Population of two or more races:!!Population of two races:!!White; Black or African American,Total:!!Population of two or more races:!!Population of two races:!!White; American Indian and Alaska Native,Total:!!Population of two or more races:!!Population of two races:!!White; Asian,Total:!!Population of two or more races:!!Population of two races:!!White; Native Hawaiian and Other Pacific Islander,Total:!!Population of two or more races:!!Population of two races:!!White; Some Other Race,Total:!!Population of two or more races:!!Population of two races:!!Black or African American; American Indian and Alaska Native,Total:!!Population of two or more races:!!Population of two races:!!Black or African American; Asian,Total:!!Population of two or more races:!!Population of two races:!!Black or African American; Native Hawaiian and Other Pacific Islander,Total:!!Population of two or more races:!!Population of two races:!!Black or African American; Some Other Race,Total:!!Population of two or more races:!!Population of two races:!!American Indian and Alaska Native; Asian,Total:!!Population of two or more races:!!Population of two races:!!American Indian and Alaska Native; Native Hawaiian and Other Pacific Islander,Total:!!Population of two or more races:!!Population of two races:!!American Indian and Alaska Native; Some Other Race,Total:!!Population of two or more races:!!Population of two races:!!Asian; Native Hawaiian and Other Pacific Islander,Total:!!Population of two or more races:!!Population of two races:!!Asian; Some Other Race,Total:!!Population of two or more races:!!Population of two races:!!Native Hawaiian and Other Pacific Islander; Some Other Race,Total:!!Population of two or more races:!!Population of three races:,Total:!!Population of two or more races:!!Population of three races:!!White; Black or African American; American Indian and Alaska Native,Total:!!Population of two or more races:!!Population of three races:!!White; Black or African American; Asian,Total:!!Population of two or more races:!!Population of three races:!!White; Black or African American; Native Hawaiian and Other Pacific Islander,Total:!!Population of two or more races:!!Population of three races:!!White; Black or African American; Some Other Race,Total:!!Population of two or more races:!!Population of three races:!!White; American Indian and Alaska Native; Asian,Total:!!Population of two or more races:!!Population of three races:!!White; American Indian and Alaska Native; Native Hawaiian and Other Pacific Islander,Total:!!Population of two or more races:!!Population of three races:!!White; American Indian and Alaska Native; Some Other Race,Total:!!Population of two or more races:!!Population of three races:!!White; Asian; Native Hawaiian and Other Pacific Islander,Total:!!Population of two or more races:!!Population of three races:!!White; Asian; Some Other Race,Total:!!Population of two or more races:!!Population of three races:!!White; Native Hawaiian and Other Pacific Islander; Some Other Race,Total:!!Population of two or more races:!!Population of three races:!!Black or African American; American Indian and Alaska Native; Asian,Total:!!Population of two or more races:!!Population of three races:!!Black or African American; American Indian and Alaska Native; Native Hawaiian and Other Pacific Islander,Total:!!Population of two or more races:!!Population of three races:!!Black or African American; American Indian and Alaska Native; Some Other Race,Total:!!Population of two or more races:!!Population of three races:!!Black or African American; Asian; Native Hawaiian and Other Pacific Islander,Total:!!Population of two or more races:!!Population of three races:!!Black or African American; Asian; Some Other Race,Total:!!Population of two or more races:!!Population of three races:!!Black or African American; Native Hawaiian and Other Pacific Islander; Some Other Race,Total:!!Population of two or more races:!!Population of three races:!!American Indian and Alaska Native; Asian; Native Hawaiian and Other Pacific Islander,Total:!!Population of two or more races:!!Population of three races:!!American Indian and Alaska Native; Asian; Some Other Race,Total:!!Population of two or more races:!!Population of three races:!!American Indian and Alaska Native; Native Hawaiian and Other Pacific Islander; Some Other Race,Total:!!Population of two or more races:!!Population of three races:!!Asian; Native Hawaiian and Other Pacific Islander; Some Other Race,Total:!!Population of two or more races:!!Population of four races:,Total:!!Population of two or more races:!!Population of four races:!!White; Black or African American; American Indian and Alaska Native; Asian,Total:!!Population of two or more races:!!Population of four races:!!White; Black or African American; American Indian and Alaska Native; Native Hawaiian and Other Pacific Islander,Total:!!Population of two or more races:!!Population of four races:!!White; Black or African American; American Indian and Alaska Native; Some Other Race,Total:!!Population of two or more races:!!Population of four races:!!White; Black or African American; Asian; Native Hawaiian and Other Pacific Islander,Total:!!Population of two or more races:!!Population of four races:!!White; Black or African American; Asian; Some Other Race,Total:!!Population of two or more races:!!Population of four races:!!White; Black or African American; Native Hawaiian and Other Pacific Islander; Some Other Race,Total:!!Population of two or more races:!!Population of four races:!!White; American Indian and Alaska Native; Asian; Native Hawaiian and Other Pacific Islander,Total:!!Population of two or more races:!!Population of four races:!!White; American Indian and Alaska Native; Asian; Some Other Race,Total:!!Population of two or more races:!!Population of four races:!!White; American Indian and Alaska Native; Native Hawaiian and Other Pacific Islander; Some Other Race,Total:!!Population of two or more races:!!Population of four races:!!White; Asian; Native Hawaiian and Other Pacific Islander; Some Other Race,Total:!!Population of two or more races:!!Population of four races:!!Black or African American; American Indian and Alaska Native; Asian; Native Hawaiian and Other Pacific Islander,Total:!!Population of two or more races:!!Population of four races:!!Black or African American; American Indian and Alaska Native; Asian; Some Other Race,Total:!!Population of two or more races:!!Population of four races:!!Black or African American; American Indian and Alaska Native; Native Hawaiian and Other Pacific Islander; Some Other Race,Total:!!Population of two or more races:!!Population of four races:!!Black or African American; Asian; Native Hawaiian and Other Pacific Islander; Some Other Race,Total:!!Population of two or more races:!!Population of four races:!!American Indian and Alaska Native; Asian; Native Hawaiian and Other Pacific Islander; Some Other Race,Total:!!Population of two or more races:!!Population of five races:,Total:!!Population of two or more races:!!Population of five races:!!White; Black or African American; American Indian and Alaska Native; Asian; Native Hawaiian and Other Pacific Islander,Total:!!Population of two or more races:!!Population of five races:!!White; Black or African American; American Indian and Alaska Native; Asian; Some Other Race,Total:!!Population of two or more races:!!Population of five races:!!White; Black or African American; American Indian and Alaska Native; Native Hawaiian and Other Pacific Islander; Some Other Race,Total:!!Population of two or more races:!!Population of five races:!!White; Black or African American; Asian; Native Hawaiian and Other Pacific Islander; Some Other Race,Total:!!Population of two or more races:!!Population of five races:!!White; American Indian and Alaska Native; Asian; Native Hawaiian and Other Pacific Islander; Some Other Race,Total:!!Population of two or more races:!!Population of five races:!!Black or African American; American Indian and Alaska Native; Asian; Native Hawaiian and Other Pacific Islander; Some Other Race,Total:!!Population of two or more races:!!Population of six races:,Total:!!Population of two or more races:!!Population of six races:!!White; Black or African American; American Indian and Alaska Native; Asian; Native Hawaiian and Other Pacific Islander; Some Other Race
"Dodge County, Minnesota",,,,,,,,,,,,,,,,,,,,,,,,,,,,,,,,,,,,,,,,,,,,,,,,,,,,,,,,,,,,,,,,,,,,,,,,
"    Dodge County, Minnesota",,"15,339","14,792","14,275",78,45,84,1,309,547,526,24,126,45,5,316,0,0,0,4,0,0,6,0,0,0,17,3,5,0,1,0,0,5,1,0,0,0,0,0,0,0,0,0,0,0,2,4,0,0,0,0,0,0,4,0,0,0,0,0,0,0,0,0,0,0,0,0,0,0,0,0
"Olmsted County, Minnesota",,,,,,,,,,,,,,,,,,,,,,,,,,,,,,,,,,,,,,,,,,,,,,,,,,,,,,,,,,,,,,,,,,,,,,,,
"    Olmsted County, Minnesota",,"124,225","118,846","100,892","6,908",455,"7,786",72,"2,733","5,379","5,161",564,951,747,34,"2,636",34,39,9,63,9,3,36,16,15,5,198,63,22,9,16,15,0,42,18,9,0,0,0,3,1,0,0,0,0,0,0,17,8,0,9,0,0,0,0,0,0,0,0,0,0,0,0,3,0,0,0,0,0,3,0,0
"Ashland Twp, Dodge County, Minnesota",,,,,,,,,,,,,,,,,,,,,,,,,,,,,,,,,,,,,,,,,,,,,,,,,,,,,,,,,,,,,,,,,,,,,,,,
"    Ashland Twp, Dodge County, Minnesota",5,246,237,227,0,1,5,0,4,9,9,0,2,0,0,7,0,0,0,0,0,0,0,0,0,0,0,0,0,0,0,0,0,0,0,0,0,0,0,0,0,0,0,0,0,0,0,0,0,0,0,0,0,0,0,0,0,0,0,0,0,0,0,0,0,0,0,0,0,0,0,0
"Canisteo Twp, Dodge County, Minnesota",,,,,,,,,,,,,,,,,,,,,,,,,,,,,,,,,,,,,,,,,,,,,,,,,,,,,,,,,,,,,,,,,,,,,,,,
"    Canisteo Twp, Dodge County, Minnesota",10,467,449,444,1,1,1,0,2,18,18,1,1,3,0,12,0,0,0,1,0,0,0,0,0,0,0,0,0,0,0,0,0,0,0,0,0,0,0,0,0,0,0,0,0,0,0,0,0,0,0,0,0,0,0,0,0,0,0,0,0,0,0,0,0,0,0,0,0,0,0,0
"Claremont, Dodge County, Minnesota",,,,,,,,,,,,,,,,,,,,,,,,,,,,,,,,,,,,,,,,,,,,,,,,,,,,,,,,,,,,,,,,,,,,,,,,
"    Claremont, Dodge County, Minnesota",15,392,359,331,2,0,2,0,24,33,32,0,8,0,0,23,0,0,0,0,0,0,1,0,0,0,0,0,0,0,0,0,0,0,0,0,0,0,0,0,0,0,0,0,0,0,0,1,0,0,0,0,0,0,1,0,0,0,0,0,0,0,0,0,0,0,0,0,0,0,0,0
"Claremont Twp, Dodge County, Minnesota",,,,,,,,,,,,,,,,,,,,,,,,,,,,,,,,,,,,,,,,,,,,,,,,,,,,,,,,,,,,,,,,,,,,,,,,
"    Claremont Twp, Dodge County, Minnesota",20,318,315,310,0,2,1,0,2,3,3,0,3,0,0,0,0,0,0,0,0,0,0,0,0,0,0,0,0,0,0,0,0,0,0,0,0,0,0,0,0,0,0,0,0,0,0,0,0,0,0,0,0,0,0,0,0,0,0,0,0,0,0,0,0,0,0,0,0,0,0,0
"Concord Twp, Dodge County, Minnesota",,,,,,,,,,,,,,,,,,,,,,,,,,,,,,,,,,,,,,,,,,,,,,,,,,,,,,,,,,,,,,,,,,,,,,,,
"    Concord Twp, Dodge County, Minnesota",25,421,412,405,0,1,2,0,4,9,9,0,2,0,0,6,0,0,0,1,0,0,0,0,0,0,0,0,0,0,0,0,0,0,0,0,0,0,0,0,0,0,0,0,0,0,0,0,0,0,0,0,0,0,0,0,0,0,0,0,0,0,0,0,0,0,0,0,0,0,0,0
"Dodge Center P-1, Dodge County, Minnesota",,,,,,,,,,,,,,,,,,,,,,,,,,,,,,,,,,,,,,,,,,,,,,,,,,,,,,,,,,,,,,,,,,,,,,,,
"    Dodge Center P-1, Dodge County, Minnesota",30,"1,556","1,465","1,330",13,15,21,1,85,91,88,3,22,1,1,59,0,0,0,0,0,0,2,0,0,0,2,0,1,0,0,0,0,0,0,0,0,0,0,0,0,0,0,0,0,0,1,1,0,0,0,0,0,0,1,0,0,0,0,0,0,0,0,0,0,0,0,0,0,0,0,0
"Dodge Center P-2, Dodge County, Minnesota",,,,,,,,,,,,,,,,,,,,,,,,,,,,,,,,,,,,,,,,,,,,,,,,,,,,,,,,,,,,,,,,,,,,,,,,
"    Dodge Center P-2, Dodge County, Minnesota",32,488,468,429,7,4,1,0,27,20,20,1,4,0,0,15,0,0,0,0,0,0,0,0,0,0,0,0,0,0,0,0,0,0,0,0,0,0,0,0,0,0,0,0,0,0,0,0,0,0,0,0,0,0,0,0,0,0,0,0,0,0,0,0,0,0,0,0,0,0,0,0
"Ellington Twp, Dodge County, Minnesota",,,,,,,,,,,,,,,,,,,,,,,,,,,,,,,,,,,,,,,,,,,,,,,,,,,,,,,,,,,,,,,,,,,,,,,,
"    Ellington Twp, Dodge County, Minnesota",35,171,169,169,0,0,0,0,0,2,2,0,0,0,0,1,0,0,0,0,0,0,1,0,0,0,0,0,0,0,0,0,0,0,0,0,0,0,0,0,0,0,0,0,0,0,0,0,0,0,0,0,0,0,0,0,0,0,0,0,0,0,0,0,0,0,0,0,0,0,0,0
"Hayfield, Dodge County, Minnesota",,,,,,,,,,,,,,,,,,,,,,,,,,,,,,,,,,,,,,,,,,,,,,,,,,,,,,,,,,,,,,,,,,,,,,,,
"    Hayfield, Dodge County, Minnesota",40,"1,027","1,002",973,9,3,3,0,14,25,25,1,5,2,0,17,0,0,0,0,0,0,0,0,0,0,0,0,0,0,0,0,0,0,0,0,0,0,0,0,0,0,0,0,0,0,0,0,0,0,0,0,0,0,0,0,0,0,0,0,0,0,0,0,0,0,0,0,0,0,0,0
"Hayfield Twp, Dodge County, Minnesota",,,,,,,,,,,,,,,,,,,,,,,,,,,,,,,,,,,,,,,,,,,,,,,,,,,,,,,,,,,,,,,,,,,,,,,,
"    Hayfield Twp, Dodge County, Minnesota",45,364,345,331,1,1,5,0,7,19,18,3,2,0,0,13,0,0,0,0,0,0,0,0,0,0,1,1,0,0,0,0,0,0,0,0,0,0,0,0,0,0,0,0,0,0,0,0,0,0,0,0,0,0,0,0,0,0,0,0,0,0,0,0,0,0,0,0,0,0,0,0
"Kasson P-1, Dodge County, Minnesota",,,,,,,,,,,,,,,,,,,,,,,,,,,,,,,,,,,,,,,,,,,,,,,,,,,,,,,,,,,,,,,,,,,,,,,,
"    Kasson P-1, Dodge County, Minnesota",50,354,342,340,1,0,1,0,0,12,12,3,0,7,0,2,0,0,0,0,0,0,0,0,0,0,0,0,0,0,0,0,0,0,0,0,0,0,0,0,0,0,0,0,0,0,0,0,0,0,0,0,0,0,0,0,0,0,0,0,0,0,0,0,0,0,0,0,0,0,0,0
"Kasson P-2, Dodge County, Minnesota",,,,,,,,,,,,,,,,,,,,,,,,,,,,,,,,,,,,,,,,,,,,,,,,,,,,,,,,,,,,,,,,,,,,,,,,
"    Kasson P-2, Dodge County, Minnesota",51,"3,347","3,258","3,205",5,4,16,0,28,89,78,1,26,11,0,39,0,0,0,1,0,0,0,0,0,0,11,2,4,0,0,0,0,4,0,0,0,0,0,0,0,0,0,0,0,0,1,0,0,0,0,0,0,0,0,0,0,0,0,0,0,0,0,0,0,0,0,0,0,0,0,0
"Kasson P-3, Dodge County, Minnesota",,,,,,,,,,,,,,,,,,,,,,,,,,,,,,,,,,,,,,,,,,,,,,,,,,,,,,,,,,,,,,,,,,,,,,,,
"    Kasson P-3, Dodge County, Minnesota",52,"1,180","1,102","1,037",20,4,7,0,34,78,78,1,22,6,0,49,0,0,0,0,0,0,0,0,0,0,0,0,0,0,0,0,0,0,0,0,0,0,0,0,0,0,0,0,0,0,0,0,0,0,0,0,0,0,0,0,0,0,0,0,0,0,0,0,0,0,0,0,0,0,0,0
"Mantorville, Dodge County, Minnesota",,,,,,,,,,,,,,,,,,,,,,,,,,,,,,,,,,,,,,,,,,,,,,,,,,,,,,,,,,,,,,,,,,,,,,,,
"    Mantorville, Dodge County, Minnesota",55,877,841,818,10,4,2,0,7,36,36,4,7,3,0,22,0,0,0,0,0,0,0,0,0,0,0,0,0,0,0,0,0,0,0,0,0,0,0,0,0,0,0,0,0,0,0,0,0,0,0,0,0,0,0,0,0,0,0,0,0,0,0,0,0,0,0,0,0,0,0,0
"Mantorville Twp, Dodge County, Minnesota",,,,,,,,,,,,,,,,,,,,,,,,,,,,,,,,,,,,,,,,,,,,,,,,,,,,,,,,,,,,,,,,,,,,,,,,
"    Mantorville Twp, Dodge County, Minnesota",60,"1,371","1,334","1,313",1,0,4,0,16,37,33,0,4,6,2,18,0,0,0,1,0,0,2,0,0,0,2,0,0,0,0,0,0,1,1,0,0,0,0,0,0,0,0,0,0,0,0,2,0,0,0,0,0,0,2,0,0,0,0,0,0,0,0,0,0,0,0,0,0,0,0,0
"Milton Twp, Dodge County, Minnesota",,,,,,,,,,,,,,,,,,,,,,,,,,,,,,,,,,,,,,,,,,,,,,,,,,,,,,,,,,,,,,,,,,,,,,,,
"    Milton Twp, Dodge County, Minnesota",65,571,551,529,5,1,7,0,9,20,20,1,5,2,2,10,0,0,0,0,0,0,0,0,0,0,0,0,0,0,0,0,0,0,0,0,0,0,0,0,0,0,0,0,0,0,0,0,0,0,0,0,0,0,0,0,0,0,0,0,0,0,0,0,0,0,0,0,0,0,0,0
"Ripley Twp, Dodge County, Minnesota",,,,,,,,,,,,,,,,,,,,,,,,,,,,,,,,,,,,,,,,,,,,,,,,,,,,,,,,,,,,,,,,,,,,,,,,
"    Ripley Twp, Dodge County, Minnesota",70,131,130,130,0,0,0,0,0,1,1,0,0,0,0,1,0,0,0,0,0,0,0,0,0,0,0,0,0,0,0,0,0,0,0,0,0,0,0,0,0,0,0,0,0,0,0,0,0,0,0,0,0,0,0,0,0,0,0,0,0,0,0,0,0,0,0,0,0,0,0,0
"Vernon Twp, Dodge County, Minnesota",,,,,,,,,,,,,,,,,,,,,,,,,,,,,,,,,,,,,,,,,,,,,,,,,,,,,,,,,,,,,,,,,,,,,,,,
"    Vernon Twp, Dodge County, Minnesota",75,490,477,476,0,0,0,0,1,13,13,2,4,3,0,4,0,0,0,0,0,0,0,0,0,0,0,0,0,0,0,0,0,0,0,0,0,0,0,0,0,0,0,0,0,0,0,0,0,0,0,0,0,0,0,0,0,0,0,0,0,0,0,0,0,0,0,0,0,0,0,0
"Wasioja Twp, Dodge County, Minnesota",,,,,,,,,,,,,,,,,,,,,,,,,,,,,,,,,,,,,,,,,,,,,,,,,,,,,,,,,,,,,,,,,,,,,,,,
"    Wasioja Twp, Dodge County, Minnesota",80,642,626,616,0,1,3,0,6,16,16,3,3,1,0,9,0,0,0,0,0,0,0,0,0,0,0,0,0,0,0,0,0,0,0,0,0,0,0,0,0,0,0,0,0,0,0,0,0,0,0,0,0,0,0,0,0,0,0,0,0,0,0,0,0,0,0,0,0,0,0,0
"West Concord, Dodge County, Minnesota",,,,,,,,,,,,,,,,,,,,,,,,,,,,,,,,,,,,,,,,,,,,,,,,,,,,,,,,,,,,,,,,,,,,,,,,
"    West Concord, Dodge County, Minnesota",85,622,609,565,3,3,3,0,35,13,12,0,6,0,0,6,0,0,0,0,0,0,0,0,0,0,1,0,0,0,1,0,0,0,0,0,0,0,0,0,0,0,0,0,0,0,0,0,0,0,0,0,0,0,0,0,0,0,0,0,0,0,0,0,0,0,0,0,0,0,0,0
"Westfield Twp, Dodge County, Minnesota",,,,,,,,,,,,,,,,,,,,,,,,,,,,,,,,,,,,,,,,,,,,,,,,,,,,,,,,,,,,,,,,,,,,,,,,
"    Westfield Twp, Dodge County, Minnesota",90,304,301,297,0,0,0,0,4,3,3,0,0,0,0,3,0,0,0,0,0,0,0,0,0,0,0,0,0,0,0,0,0,0,0,0,0,0,0,0,0,0,0,0,0,0,0,0,0,0,0,0,0,0,0,0,0,0,0,0,0,0,0,0,0,0,0,0,0,0,0,0
"Byron, Olmsted County, Minnesota",,,,,,,,,,,,,,,,,,,,,,,,,,,,,,,,,,,,,,,,,,,,,,,,,,,,,,,,,,,,,,,,,,,,,,,,
"    Byron, Olmsted County, Minnesota",5,"4,356","4,232","4,067",30,7,83,4,41,124,122,11,42,7,0,57,0,1,0,3,0,0,1,0,0,0,1,0,0,1,0,0,0,0,0,0,0,0,0,0,0,0,0,0,0,0,0,1,1,0,0,0,0,0,0,0,0,0,0,0,0,0,0,0,0,0,0,0,0,0,0,0
"Cascade Twp P-2A, Olmsted County, Minnesota",,,,,,,,,,,,,,,,,,,,,,,,,,,,,,,,,,,,,,,,,,,,,,,,,,,,,,,,,,,,,,,,,,,,,,,,
"    Cascade Twp P-2A, Olmsted County, Minnesota",11,206,189,184,0,0,4,0,1,17,13,3,1,3,0,4,0,0,1,1,0,0,0,0,0,0,4,3,0,0,0,0,0,1,0,0,0,0,0,0,0,0,0,0,0,0,0,0,0,0,0,0,0,0,0,0,0,0,0,0,0,0,0,0,0,0,0,0,0,0,0,0
"Cascade Twp P-3A, Olmsted County, Minnesota",,,,,,,,,,,,,,,,,,,,,,,,,,,,,,,,,,,,,,,,,,,,,,,,,,,,,,,,,,,,,,,,,,,,,,,,
"    Cascade Twp P-3A, Olmsted County, Minnesota",12,96,95,94,0,0,1,0,0,1,1,0,0,0,0,1,0,0,0,0,0,0,0,0,0,0,0,0,0,0,0,0,0,0,0,0,0,0,0,0,0,0,0,0,0,0,0,0,0,0,0,0,0,0,0,0,0,0,0,0,0,0,0,0,0,0,0,0,0,0,0,0
"High Forest Twp, Olmsted County, Minnesota",,,,,,,,,,,,,,,,,,,,,,,,,,,,,,,,,,,,,,,,,,,,,,,,,,,,,,,,,,,,,,,,,,,,,,,,
"    High Forest Twp, Olmsted County, Minnesota",55,755,737,729,4,0,4,0,0,18,16,0,3,2,0,11,0,0,0,0,0,0,0,0,0,0,1,0,0,0,0,0,0,0,1,0,0,0,0,0,0,0,0,0,0,0,0,1,0,0,1,0,0,0,0,0,0,0,0,0,0,0,0,0,0,0,0,0,0,0,0,0
"Kalmar Twp, Olmsted County, Minnesota",,,,,,,,,,,,,,,,,,,,,,,,,,,,,,,,,,,,,,,,,,,,,,,,,,,,,,,,,,,,,,,,,,,,,,,,
"    Kalmar Twp, Olmsted County, Minnesota",60,838,820,808,1,0,7,1,3,18,16,0,2,0,0,13,0,0,0,0,0,0,0,1,0,0,2,0,1,0,0,1,0,0,0,0,0,0,0,0,0,0,0,0,0,0,0,0,0,0,0,0,0,0,0,0,0,0,0,0,0,0,0,0,0,0,0,0,0,0,0,0
"Rochester W-1 P-1, Olmsted County, Minnesota",,,,,,,,,,,,,,,,,,,,,,,,,,,,,,,,,,,,,,,,,,,,,,,,,,,,,,,,,,,,,,,,,,,,,,,,
"    Rochester W-1 P-1, Olmsted County, Minnesota",96,"1,500","1,379",930,244,6,77,0,122,121,117,20,20,10,0,62,0,0,0,2,0,0,0,2,1,0,3,1,0,0,1,0,0,0,0,0,0,0,0,1,0,0,0,0,0,0,0,1,1,0,0,0,0,0,0,0,0,0,0,0,0,0,0,0,0,0,0,0,0,0,0,0
"Rochester W-1 P-2, Olmsted County, Minnesota",,,,,,,,,,,,,,,,,,,,,,,,,,,,,,,,,,,,,,,,,,,,,,,,,,,,,,,,,,,,,,,,,,,,,,,,
"    Rochester W-1 P-2, Olmsted County, Minnesota",98,"1,424","1,365","1,195",55,7,67,0,41,59,59,4,11,2,2,38,0,0,0,1,1,0,0,0,0,0,0,0,0,0,0,0,0,0,0,0,0,0,0,0,0,0,0,0,0,0,0,0,0,0,0,0,0,0,0,0,0,0,0,0,0,0,0,0,0,0,0,0,0,0,0,0
"Rochester W-1 P-3, Olmsted County, Minnesota",,,,,,,,,,,,,,,,,,,,,,,,,,,,,,,,,,,,,,,,,,,,,,,,,,,,,,,,,,,,,,,,,,,,,,,,
"    Rochester W-1 P-3, Olmsted County, Minnesota",100,"2,341","2,230","2,007",75,5,96,1,46,111,105,21,19,14,2,48,0,0,0,1,0,0,0,0,0,0,5,1,4,0,0,0,0,0,0,0,0,0,0,0,0,0,0,0,0,0,0,1,1,0,0,0,0,0,0,0,0,0,0,0,0,0,0,0,0,0,0,0,0,0,0,0
"Rochester W-1 P-4, Olmsted County, Minnesota",,,,,,,,,,,,,,,,,,,,,,,,,,,,,,,,,,,,,,,,,,,,,,,,,,,,,,,,,,,,,,,,,,,,,,,,
"    Rochester W-1 P-4, Olmsted County, Minnesota",102,731,704,652,21,1,14,0,16,27,27,1,8,1,0,14,0,0,0,3,0,0,0,0,0,0,0,0,0,0,0,0,0,0,0,0,0,0,0,0,0,0,0,0,0,0,0,0,0,0,0,0,0,0,0,0,0,0,0,0,0,0,0,0,0,0,0,0,0,0,0,0
"Rochester W-1 P-5, Olmsted County, Minnesota",,,,,,,,,,,,,,,,,,,,,,,,,,,,,,,,,,,,,,,,,,,,,,,,,,,,,,,,,,,,,,,,,,,,,,,,
"    Rochester W-1 P-5, Olmsted County, Minnesota",104,"1,900","1,830","1,652",52,9,64,1,52,70,68,8,8,7,3,39,0,3,0,0,0,0,0,0,0,0,0,0,0,0,0,0,0,0,0,0,0,0,0,0,0,0,0,0,0,0,0,2,0,0,2,0,0,0,0,0,0,0,0,0,0,0,0,0,0,0,0,0,0,0,0,0
"Rochester W-1 P-6, Olmsted County, Minnesota",,,,,,,,,,,,,,,,,,,,,,,,,,,,,,,,,,,,,,,,,,,,,,,,,,,,,,,,,,,,,,,,,,,,,,,,
"    Rochester W-1 P-6, Olmsted County, Minnesota",106,645,613,507,41,3,40,0,22,32,32,4,2,3,0,22,0,0,0,1,0,0,0,0,0,0,0,0,0,0,0,0,0,0,0,0,0,0,0,0,0,0,0,0,0,0,0,0,0,0,0,0,0,0,0,0,0,0,0,0,0,0,0,0,0,0,0,0,0,0,0,0
"Rochester W-1 P-7, Olmsted County, Minnesota",,,,,,,,,,,,,,,,,,,,,,,,,,,,,,,,,,,,,,,,,,,,,,,,,,,,,,,,,,,,,,,,,,,,,,,,
"    Rochester W-1 P-7, Olmsted County, Minnesota",108,"2,318","2,173","1,806",66,8,194,5,94,145,137,8,14,23,0,91,1,0,0,0,0,0,0,0,0,0,8,1,2,1,0,0,0,1,3,0,0,0,0,0,0,0,0,0,0,0,0,0,0,0,0,0,0,0,0,0,0,0,0,0,0,0,0,0,0,0,0,0,0,0,0,0
"Rochester W-1 P-8, Olmsted County, Minnesota",,,,,,,,,,,,,,,,,,,,,,,,,,,,,,,,,,,,,,,,,,,,,,,,,,,,,,,,,,,,,,,,,,,,,,,,
"    Rochester W-1 P-8, Olmsted County, Minnesota",110,"1,292","1,267","1,174",11,2,70,1,9,25,25,1,5,3,0,16,0,0,0,0,0,0,0,0,0,0,0,0,0,0,0,0,0,0,0,0,0,0,0,0,0,0,0,0,0,0,0,0,0,0,0,0,0,0,0,0,0,0,0,0,0,0,0,0,0,0,0,0,0,0,0,0
"Rochester W-1 P-9, Olmsted County, Minnesota",,,,,,,,,,,,,,,,,,,,,,,,,,,,,,,,,,,,,,,,,,,,,,,,,,,,,,,,,,,,,,,,,,,,,,,,
"    Rochester W-1 P-9, Olmsted County, Minnesota",112,"1,513","1,465","1,310",21,2,124,0,8,48,48,5,9,3,1,29,0,0,0,0,0,0,0,1,0,0,0,0,0,0,0,0,0,0,0,0,0,0,0,0,0,0,0,0,0,0,0,0,0,0,0,0,0,0,0,0,0,0,0,0,0,0,0,0,0,0,0,0,0,0,0,0
"Rochester W-1 P-10, Olmsted County, Minnesota",,,,,,,,,,,,,,,,,,,,,,,,,,,,,,,,,,,,,,,,,,,,,,,,,,,,,,,,,,,,,,,,,,,,,,,,
"    Rochester W-1 P-10, Olmsted County, Minnesota",114,"1,484","1,389","1,215",39,0,109,0,26,95,91,9,8,16,0,54,0,3,0,0,0,0,1,0,0,0,3,0,0,0,0,1,0,1,1,0,0,0,0,0,0,0,0,0,0,0,0,1,0,0,1,0,0,0,0,0,0,0,0,0,0,0,0,0,0,0,0,0,0,0,0,0
"Rochester W-1 P-11, Olmsted County, Minnesota",,,,,,,,,,,,,,,,,,,,,,,,,,,,,,,,,,,,,,,,,,,,,,,,,,,,,,,,,,,,,,,,,,,,,,,,
"    Rochester W-1 P-11, Olmsted County, Minnesota",116,"1,218","1,164","1,008",20,1,125,0,10,54,54,3,5,18,0,27,0,0,0,1,0,0,0,0,0,0,0,0,0,0,0,0,0,0,0,0,0,0,0,0,0,0,0,0,0,0,0,0,0,0,0,0,0,0,0,0,0,0,0,0,0,0,0,0,0,0,0,0,0,0,0,0
"Rochester W-1 P-12, Olmsted County, Minnesota",,,,,,,,,,,,,,,,,,,,,,,,,,,,,,,,,,,,,,,,,,,,,,,,,,,,,,,,,,,,,,,,,,,,,,,,
"    Rochester W-1 P-12, Olmsted County, Minnesota",118,414,406,376,8,0,19,0,3,8,7,0,0,3,0,4,0,0,0,0,0,0,0,0,0,0,1,0,0,0,0,0,0,0,1,0,0,0,0,0,0,0,0,0,0,0,0,0,0,0,0,0,0,0,0,0,0,0,0,0,0,0,0,0,0,0,0,0,0,0,0,0
"Rochester W-2 P-3, Olmsted County, Minnesota",,,,,,,,,,,,,,,,,,,,,,,,,,,,,,,,,,,,,,,,,,,,,,,,,,,,,,,,,,,,,,,,,,,,,,,,
"    Rochester W-2 P-3, Olmsted County, Minnesota",126,"2,567","2,436","1,923",135,2,327,2,47,131,124,15,13,38,1,48,0,3,0,6,0,0,0,0,0,0,7,3,1,0,0,0,0,2,1,0,0,0,0,0,0,0,0,0,0,0,0,0,0,0,0,0,0,0,0,0,0,0,0,0,0,0,0,0,0,0,0,0,0,0,0,0
"Rochester W-2 P-4, Olmsted County, Minnesota",,,,,,,,,,,,,,,,,,,,,,,,,,,,,,,,,,,,,,,,,,,,,,,,,,,,,,,,,,,,,,,,,,,,,,,,
"    Rochester W-2 P-4, Olmsted County, Minnesota",128,"1,635","1,555","1,388",35,1,120,1,10,80,77,8,2,14,2,47,0,0,0,3,0,0,0,1,0,0,2,0,0,0,0,0,0,0,2,0,0,0,0,0,0,0,0,0,0,0,0,1,1,0,0,0,0,0,0,0,0,0,0,0,0,0,0,0,0,0,0,0,0,0,0,0
"Rochester W-2 P-5, Olmsted County, Minnesota",,,,,,,,,,,,,,,,,,,,,,,,,,,,,,,,,,,,,,,,,,,,,,,,,,,,,,,,,,,,,,,,,,,,,,,,
"    Rochester W-2 P-5, Olmsted County, Minnesota",130,"1,562","1,502","1,156",123,4,200,0,19,60,56,2,9,13,1,30,0,0,0,1,0,0,0,0,0,0,4,2,0,1,0,0,0,1,0,0,0,0,0,0,0,0,0,0,0,0,0,0,0,0,0,0,0,0,0,0,0,0,0,0,0,0,0,0,0,0,0,0,0,0,0,0
"Rochester W-2 P-6, Olmsted County, Minnesota",,,,,,,,,,,,,,,,,,,,,,,,,,,,,,,,,,,,,,,,,,,,,,,,,,,,,,,,,,,,,,,,,,,,,,,,
"    Rochester W-2 P-6, Olmsted County, Minnesota",132,"1,022",978,911,26,2,34,0,5,44,37,4,12,0,0,20,0,0,1,0,0,0,0,0,0,0,7,2,2,0,0,0,0,3,0,0,0,0,0,0,0,0,0,0,0,0,0,0,0,0,0,0,0,0,0,0,0,0,0,0,0,0,0,0,0,0,0,0,0,0,0,0
"Rochester W-2 P-7, Olmsted County, Minnesota",,,,,,,,,,,,,,,,,,,,,,,,,,,,,,,,,,,,,,,,,,,,,,,,,,,,,,,,,,,,,,,,,,,,,,,,
"    Rochester W-2 P-7, Olmsted County, Minnesota",134,"2,363","2,263","1,993",38,6,197,2,27,100,98,10,16,16,1,51,1,0,0,1,0,1,0,1,0,0,2,0,0,0,0,0,0,0,2,0,0,0,0,0,0,0,0,0,0,0,0,0,0,0,0,0,0,0,0,0,0,0,0,0,0,0,0,0,0,0,0,0,0,0,0,0
"Rochester W-2 P-8, Olmsted County, Minnesota",,,,,,,,,,,,,,,,,,,,,,,,,,,,,,,,,,,,,,,,,,,,,,,,,,,,,,,,,,,,,,,,,,,,,,,,
"    Rochester W-2 P-8, Olmsted County, Minnesota",136,"2,248","2,179","1,943",44,2,164,0,26,69,62,10,14,8,0,27,0,0,0,0,0,1,0,2,0,0,7,1,0,0,1,0,0,5,0,0,0,0,0,0,0,0,0,0,0,0,0,0,0,0,0,0,0,0,0,0,0,0,0,0,0,0,0,0,0,0,0,0,0,0,0,0
"Rochester W-4 P-6, Olmsted County, Minnesota",,,,,,,,,,,,,,,,,,,,,,,,,,,,,,,,,,,,,,,,,,,,,,,,,,,,,,,,,,,,,,,,,,,,,,,,
"    Rochester W-4 P-6, Olmsted County, Minnesota",164,828,793,355,350,2,26,0,60,35,34,2,10,1,0,20,0,1,0,0,0,0,0,0,0,0,0,0,0,0,0,0,0,0,0,0,0,0,0,0,0,0,0,0,0,0,0,1,0,0,1,0,0,0,0,0,0,0,0,0,0,0,0,0,0,0,0,0,0,0,0,0
"Rochester W-4 P-7, Olmsted County, Minnesota",,,,,,,,,,,,,,,,,,,,,,,,,,,,,,,,,,,,,,,,,,,,,,,,,,,,,,,,,,,,,,,,,,,,,,,,
"    Rochester W-4 P-7, Olmsted County, Minnesota",166,"2,544","2,307","1,608",214,11,123,0,351,237,229,19,15,11,0,166,0,2,0,6,1,0,8,0,0,1,6,0,3,1,2,0,0,0,0,0,0,0,0,0,0,0,0,0,0,0,0,2,1,0,1,0,0,0,0,0,0,0,0,0,0,0,0,0,0,0,0,0,0,0,0,0
"Rochester W-4 P-8, Olmsted County, Minnesota",,,,,,,,,,,,,,,,,,,,,,,,,,,,,,,,,,,,,,,,,,,,,,,,,,,,,,,,,,,,,,,,,,,,,,,,
"    Rochester W-4 P-8, Olmsted County, Minnesota",168,"1,530","1,465","1,156",187,2,88,0,32,65,63,10,12,7,0,33,0,0,0,0,0,0,0,0,0,1,2,2,0,0,0,0,0,0,0,0,0,0,0,0,0,0,0,0,0,0,0,0,0,0,0,0,0,0,0,0,0,0,0,0,0,0,0,0,0,0,0,0,0,0,0,0
"Rochester W-4 P-9, Olmsted County, Minnesota",,,,,,,,,,,,,,,,,,,,,,,,,,,,,,,,,,,,,,,,,,,,,,,,,,,,,,,,,,,,,,,,,,,,,,,,
"    Rochester W-4 P-9, Olmsted County, Minnesota",170,367,344,317,10,5,0,0,12,23,23,2,11,5,0,4,0,1,0,0,0,0,0,0,0,0,0,0,0,0,0,0,0,0,0,0,0,0,0,0,0,0,0,0,0,0,0,0,0,0,0,0,0,0,0,0,0,0,0,0,0,0,0,0,0,0,0,0,0,0,0,0
"Rochester W-6 P-8, Olmsted County, Minnesota",,,,,,,,,,,,,,,,,,,,,,,,,,,,,,,,,,,,,,,,,,,,,,,,,,,,,,,,,,,,,,,,,,,,,,,,
"    Rochester W-6 P-8, Olmsted County, Minnesota",208,"1,133","1,082",893,109,3,45,1,31,51,50,10,20,4,0,13,0,0,0,0,0,0,3,0,0,0,0,0,0,0,0,0,0,0,0,0,0,0,0,0,0,0,0,0,0,0,0,1,0,0,1,0,0,0,0,0,0,0,0,0,0,0,0,0,0,0,0,0,0,0,0,0
"Rochester Twp P-1, Olmsted County, Minnesota",,,,,,,,,,,,,,,,,,,,,,,,,,,,,,,,,,,,,,,,,,,,,,,,,,,,,,,,,,,,,,,,,,,,,,,,
"    Rochester Twp P-1, Olmsted County, Minnesota",210,"1,438","1,364","1,217",21,4,113,1,8,74,73,5,5,13,0,46,0,3,0,1,0,0,0,0,0,0,1,0,0,0,0,0,0,0,0,1,0,0,0,0,0,0,0,0,0,0,0,0,0,0,0,0,0,0,0,0,0,0,0,0,0,0,0,0,0,0,0,0,0,0,0,0
"Rochester Twp P-3, Olmsted County, Minnesota",,,,,,,,,,,,,,,,,,,,,,,,,,,,,,,,,,,,,,,,,,,,,,,,,,,,,,,,,,,,,,,,,,,,,,,,
"    Rochester Twp P-3, Olmsted County, Minnesota",212,6,5,5,0,0,0,0,0,1,1,0,0,1,0,0,0,0,0,0,0,0,0,0,0,0,0,0,0,0,0,0,0,0,0,0,0,0,0,0,0,0,0,0,0,0,0,0,0,0,0,0,0,0,0,0,0,0,0,0,0,0,0,0,0,0,0,0,0,0,0,0
"Rochester Twp P-4, Olmsted County, Minnesota",,,,,,,,,,,,,,,,,,,,,,,,,,,,,,,,,,,,,,,,,,,,,,,,,,,,,,,,,,,,,,,,,,,,,,,,
"    Rochester Twp P-4, Olmsted County, Minnesota",213,54,48,45,0,1,0,2,0,6,5,0,3,1,0,1,0,0,0,0,0,0,0,0,0,0,1,0,0,0,0,0,0,1,0,0,0,0,0,0,0,0,0,0,0,0,0,0,0,0,0,0,0,0,0,0,0,0,0,0,0,0,0,0,0,0,0,0,0,0,0,0
"Rock Dell Twp, Olmsted County, Minnesota",,,,,,,,,,,,,,,,,,,,,,,,,,,,,,,,,,,,,,,,,,,,,,,,,,,,,,,,,,,,,,,,,,,,,,,,
"    Rock Dell Twp, Olmsted County, Minnesota",215,521,519,513,4,0,2,0,0,2,2,0,0,0,0,2,0,0,0,0,0,0,0,0,0,0,0,0,0,0,0,0,0,0,0,0,0,0,0,0,0,0,0,0,0,0,0,0,0,0,0,0,0,0,0,0,0,0,0,0,0,0,0,0,0,0,0,0,0,0,0,0
"Salem Twp, Olmsted County, Minnesota",,,,,,,,,,,,,,,,,,,,,,,,,,,,,,,,,,,,,,,,,,,,,,,,,,,,,,,,,,,,,,,,,,,,,,,,
"    Salem Twp, Olmsted County, Minnesota",220,854,836,831,0,0,3,0,2,18,17,3,4,6,0,4,0,0,0,0,0,0,0,0,0,0,1,0,0,0,0,1,0,0,0,0,0,0,0,0,0,0,0,0,0,0,0,0,0,0,0,0,0,0,0,0,0,0,0,0,0,0,0,0,0,0,0,0,0,0,0,0
"Stewartville, Olmsted County, Minnesota",,,,,,,,,,,,,,,,,,,,,,,,,,,,,,,,,,,,,,,,,,,,,,,,,,,,,,,,,,,,,,,,,,,,,,,,
"    Stewartville, Olmsted County, Minnesota",225,"4,831","4,658","4,483",66,21,39,1,48,173,173,8,61,17,3,83,0,0,0,0,1,0,0,0,0,0,0,0,0,0,0,0,0,0,0,0,0,0,0,0,0,0,0,0,0,0,0,0,0,0,0,0,0,0,0,0,0,0,0,0,0,0,0,0,0,0,0,0,0,0,0,0
